in-aau001@yopmail.com,123,Absolute Weight Template_LOAD.csv
ken@yopmail.com,123,Absolute Weight Template_LOAD.csv
umeshp@yopmail.com,123,Absolute Weight Template_LOAD.csv
in-aas001@yopmail.com,123,Absolute Weight Template_LOAD.csv
dhl@yopmail.com,123,Absolute Weight Template_LOAD.csv
d0003@yopmail.com,123,Absolute Weight Template_LOAD.csv
c0001@yopmail.com,123,Absolute Weight Template_LOAD.csv
csasia@yopmail.com,123,Absolute Weight Template_LOAD.csv
andrew@yopmail.com,123,Absolute Weight Template_LOAD.csv
track@yopmail.com,123,Absolute Weight Template_LOAD.csv
wholesalensf@yopmail.com,123,Absolute Weight Template_LOAD.csv
kohgimchuan@yopmail.com,123,Absolute Weight Template_LOAD.csv
a0021@yopmail.com,123,Absolute Weight Template_LOAD.csv
binkyboppy@yopmail.com,123,Absolute Weight Template_LOAD.csv
rtan@yopmail.com,123,Absolute Weight Template_LOAD.csv
grace.yeo@yopmail.com,123,Absolute Weight Template_LOAD.csv
josephine@yopmail.com,123,Absolute Weight Template_LOAD.csv
yves@yopmail.com,123,Absolute Weight Template_LOAD.csv
adrian@yopmail.com,123,Absolute Weight Template_LOAD.csv
cocoadimensions@yopmail.com,123,Absolute Weight Template_LOAD.csv
molina@yopmail.com,123,Absolute Weight Template_LOAD.csv
d0001-ae@yopmail.com,123,Absolute Weight Template_LOAD.csv
cheryllimcl@yopmail.com,123,Absolute Weight Template_LOAD.csv
d0001-jp@yopmail.com,123,Absolute Weight Template_LOAD.csv
d0001-kr@yopmail.com,123,Absolute Weight Template_LOAD.csv
d0001-mm@yopmail.com,123,Absolute Weight Template_LOAD.csv
d0001-my@yopmail.com,123,Absolute Weight Template_LOAD.csv
d0001-ph@yopmail.com,123,Absolute Weight Template_LOAD.csv
lesleybailey@yopmail.com,123,Absolute Weight Template_LOAD.csv
d0001-us@yopmail.com,123,Absolute Weight Template_LOAD.csv
d0001-vn1@yopmail.com,123,Absolute Weight Template_LOAD.csv
d0001-vn2@yopmail.com,123,Absolute Weight Template_LOAD.csv
tali@yopmail.com,123,Absolute Weight Template_LOAD.csv
arnault@yopmail.com,123,Absolute Weight Template_LOAD.csv
qidesim@yopmail.com,123,Absolute Weight Template_LOAD.csv
peishi@yopmail.com,123,Absolute Weight Template_LOAD.csv
orrice@yopmail.com,123,Absolute Weight Template_LOAD.csv
bensoo@yopmail.com,123,Absolute Weight Template_LOAD.csv
imerikn@yopmail.com,123,Absolute Weight Template_LOAD.csv
faizah@yopmail.com,123,Absolute Weight Template_LOAD.csv
lynette@yopmail.com,123,Absolute Weight Template_LOAD.csv
cherie@yopmail.com,123,Absolute Weight Template_LOAD.csv
ideemobelsingapore@yopmail.com,123,Absolute Weight Template_LOAD.csv
abby.koay@yopmail.com,123,Absolute Weight Template_LOAD.csv
jieyong87@yopmail.com,123,Absolute Weight Template_LOAD.csv
josh.and.cherie@yopmail.com,123,Absolute Weight Template_LOAD.csv
dylan@yopmail.com,123,Absolute Weight Template_LOAD.csv
junie@yopmail.com,123,Absolute Weight Template_LOAD.csv
yude@yopmail.com,123,Absolute Weight Template_LOAD.csv
chuahshoong@yopmail.com,123,Absolute Weight Template_LOAD.csv
yyling910@yopmail.com,123,Absolute Weight Template_LOAD.csv
rahul@yopmail.com,123,Absolute Weight Template_LOAD.csv
purchaser@yopmail.com,123,Absolute Weight Template_LOAD.csv
edmund.lee@yopmail.com,123,Absolute Weight Template_LOAD.csv
jeonghoon.lee@yopmail.com,123,Absolute Weight Template_LOAD.csv
businesssupport@yopmail.com,123,Absolute Weight Template_LOAD.csv
manoj@yopmail.com,123,Absolute Weight Template_LOAD.csv
ronnie@yopmail.com,123,Absolute Weight Template_LOAD.csv
elletoo88@yopmail.com,123,Absolute Weight Template_LOAD.csv
ling@yopmail.com,123,Absolute Weight Template_LOAD.csv
poorva@yopmail.com,123,Absolute Weight Template_LOAD.csv
carol_tan@yopmail.com,123,Absolute Weight Template_LOAD.csv
jwongcc@yopmail.com,123,Absolute Weight Template_LOAD.csv
jack@yopmail.com,123,Absolute Weight Template_LOAD.csv
geraldine@yopmail.com,123,Absolute Weight Template_LOAD.csv
natalie@yopmail.com,123,Absolute Weight Template_LOAD.csv
aplusb.sg@yopmail.com,123,Absolute Weight Template_LOAD.csv
sherylwong@yopmail.com,123,Absolute Weight Template_LOAD.csv
hayden@yopmail.com,123,Absolute Weight Template_LOAD.csv
jimlow@yopmail.com,123,Absolute Weight Template_LOAD.csv
corp-admin@yopmail.com,123,Absolute Weight Template_LOAD.csv
aaa001@yopmail.com,123,Absolute Weight Template_LOAD.csv
forest.fu@yopmail.com,123,Absolute Weight Template_LOAD.csv
yiwng@yopmail.com,123,Absolute Weight Template_LOAD.csv
simon.yin@yopmail.com,123,Absolute Weight Template_LOAD.csv
claire@yopmail.com,123,Absolute Weight Template_LOAD.csv
zmohammad@yopmail.com,123,Absolute Weight Template_LOAD.csv
lai.xin@yopmail.com,123,Absolute Weight Template_LOAD.csv
email:tony@yopmail.com,123,Absolute Weight Template_LOAD.csv
huangyanla@yopmail.com,123,Absolute Weight Template_LOAD.csv
jamie@yopmail.com,123,Absolute Weight Template_LOAD.csv
13922353028@yopmail.com,123,Absolute Weight Template_LOAD.csv
niraj@yopmail.com,123,Absolute Weight Template_LOAD.csv
emmadelrieu@yopmail.com,123,Absolute Weight Template_LOAD.csv
pinky_lamb@yopmail.com,123,Absolute Weight Template_LOAD.csv
donovan@yopmail.com,123,Absolute Weight Template_LOAD.csv
john@yopmail.com,123,Absolute Weight Template_LOAD.csv
kweewei.tai@yopmail.com,123,Absolute Weight Template_LOAD.csv
alex.zarate@yopmail.com,123,Absolute Weight Template_LOAD.csv
simon.chow@yopmail.com,123,Absolute Weight Template_LOAD.csv
frankie@yopmail.com,123,Absolute Weight Template_LOAD.csv
louiseloh@yopmail.com,123,Absolute Weight Template_LOAD.csv
jyllgim@yopmail.com,123,Absolute Weight Template_LOAD.csv
workmel48@yopmail.com,123,Absolute Weight Template_LOAD.csv
alicia@yopmail.com,123,Absolute Weight Template_LOAD.csv
sherwin@yopmail.com,123,Absolute Weight Template_LOAD.csv
xuyuting@yopmail.com,123,Absolute Weight Template_LOAD.csv
priscillaphuah@yopmail.com,123,Absolute Weight Template_LOAD.csv
d0002@yopmail.com,123,Absolute Weight Template_LOAD.csv
becky@yopmail.com,123,Absolute Weight Template_LOAD.csv
ops@yopmail.com,123,Absolute Weight Template_LOAD.csv
team@yopmail.com,123,Absolute Weight Template_LOAD.csv
general@yopmail.com,123,Absolute Weight Template_LOAD.csv
mayble_yap@yopmail.com,123,Absolute Weight Template_LOAD.csv
sm.l@yopmail.com,123,Absolute Weight Template_LOAD.csv
zainal@yopmail.com,123,Absolute Weight Template_LOAD.csv
nicholas@yopmail.com,123,Absolute Weight Template_LOAD.csv
f0002@yopmail.com,123,Absolute Weight Template_LOAD.csv
rena.k@yopmail.com,123,Absolute Weight Template_LOAD.csv
yingquan@yopmail.com,123,Absolute Weight Template_LOAD.csv
hengling.toh@yopmail.com,123,Absolute Weight Template_LOAD.csv
terry@yopmail.com,123,Absolute Weight Template_LOAD.csv
bikexcessories@yopmail.com,123,Absolute Weight Template_LOAD.csv
gift4thot@yopmail.com,123,Absolute Weight Template_LOAD.csv
webstore@yopmail.com,123,Absolute Weight Template_LOAD.csv
hstex@yopmail.com,123,Absolute Weight Template_LOAD.csv
caili@yopmail.com,123,Absolute Weight Template_LOAD.csv
ditas.litonjua@yopmail.com,123,Absolute Weight Template_LOAD.csv
h0006@yopmail.com,123,Absolute Weight Template_LOAD.csv
hauterobepteltd@yopmail.com,123,Absolute Weight Template_LOAD.csv
rey@yopmail.com,123,Absolute Weight Template_LOAD.csv
trade.jsdpl@yopmail.com,123,Absolute Weight Template_LOAD.csv
j0006@yopmail.com,123,Absolute Weight Template_LOAD.csv
denise@yopmail.com,123,Absolute Weight Template_LOAD.csv
laurelbloom33@yopmail.com,123,Absolute Weight Template_LOAD.csv
shoplittlesuite@yopmail.com,123,Absolute Weight Template_LOAD.csv
jaren@yopmail.com,123,Absolute Weight Template_LOAD.csv
su@yopmail.com,123,Absolute Weight Template_LOAD.csv
maria@yopmail.com,123,Absolute Weight Template_LOAD.csv
stephen@yopmail.com,123,Absolute Weight Template_LOAD.csv
mel@yopmail.com,123,Absolute Weight Template_LOAD.csv
shaun@yopmail.com,123,Absolute Weight Template_LOAD.csv
mashalabaya@yopmail.com,123,Absolute Weight Template_LOAD.csv
myron@yopmail.com,123,Absolute Weight Template_LOAD.csv
enquiry@yopmail.com,123,Absolute Weight Template_LOAD.csv
ann@yopmail.com,123,Absolute Weight Template_LOAD.csv
yahui@yopmail.com,123,Absolute Weight Template_LOAD.csv
copma@yopmail.com,123,Absolute Weight Template_LOAD.csv
helena@yopmail.com,123,Absolute Weight Template_LOAD.csv
michelleloh@yopmail.com,123,Absolute Weight Template_LOAD.csv
riandy@yopmail.com,123,Absolute Weight Template_LOAD.csv
p0002@yopmail.com,123,Absolute Weight Template_LOAD.csv
zhimin.leong@yopmail.com,123,Absolute Weight Template_LOAD.csv
eric@yopmail.com,123,Absolute Weight Template_LOAD.csv
jasline@yopmail.com,123,Absolute Weight Template_LOAD.csv
teh@yopmail.com,123,Absolute Weight Template_LOAD.csv
sarah.ong@yopmail.com,123,Absolute Weight Template_LOAD.csv
sk@yopmail.com,123,Absolute Weight Template_LOAD.csv
martin.tan@yopmail.com,123,Absolute Weight Template_LOAD.csv
darryl@yopmail.com,123,Absolute Weight Template_LOAD.csv
rightbrainbabies@yopmail.com,123,Absolute Weight Template_LOAD.csv
alison.risk@yopmail.com,123,Absolute Weight Template_LOAD.csv
muze@yopmail.com,123,Absolute Weight Template_LOAD.csv
wilbie@yopmail.com,123,Absolute Weight Template_LOAD.csv
yihao@yopmail.com,123,Absolute Weight Template_LOAD.csv
ananaya.daval@yopmail.com,123,Absolute Weight Template_LOAD.csv
sathyarajthevar@yopmail.com,123,Absolute Weight Template_LOAD.csv
jean@yopmail.com,123,Absolute Weight Template_LOAD.csv
melvin_lau@yopmail.com,123,Absolute Weight Template_LOAD.csv
kohjacqueline97@yopmail.com,123,Absolute Weight Template_LOAD.csv
yongcy@yopmail.com,123,Absolute Weight Template_LOAD.csv
josh.huang@yopmail.com,123,Absolute Weight Template_LOAD.csv
t0016@yopmail.com,123,Absolute Weight Template_LOAD.csv
accounts@yopmail.com,123,Absolute Weight Template_LOAD.csv
purchase@yopmail.com,123,Absolute Weight Template_LOAD.csv
helloupsydaisy@yopmail.com,123,Absolute Weight Template_LOAD.csv
jonpoon@yopmail.com,123,Absolute Weight Template_LOAD.csv
richard@yopmail.com,123,Absolute Weight Template_LOAD.csv
copcp1@yopmail.com,123,Absolute Weight Template_LOAD.csv
sean@yopmail.com,123,Absolute Weight Template_LOAD.csv
vish@yopmail.com,123,Absolute Weight Template_LOAD.csv
jerry.lam@yopmail.com,123,Absolute Weight Template_LOAD.csv
donyew@yopmail.com,123,Absolute Weight Template_LOAD.csv
wangjianjason@yopmail.com,123,Absolute Weight Template_LOAD.csv
sharon_koo@yopmail.com,123,Absolute Weight Template_LOAD.csv
darren@yopmail.com,123,Absolute Weight Template_LOAD.csv
ariumcollection@yopmail.com,123,Absolute Weight Template_LOAD.csv
a0011@yopmail.com,123,Absolute Weight Template_LOAD.csv
justin.lee@yopmail.com,123,Absolute Weight Template_LOAD.csv
jerlyn@yopmail.com,123,Absolute Weight Template_LOAD.csv
we.are@yopmail.com,123,Absolute Weight Template_LOAD.csv
food@yopmail.com,123,Absolute Weight Template_LOAD.csv
alvin@yopmail.com,123,Absolute Weight Template_LOAD.csv
michael@yopmail.com,123,Absolute Weight Template_LOAD.csv
nicholas.tan@yopmail.com,123,Absolute Weight Template_LOAD.csv
mano@yopmail.com,123,Absolute Weight Template_LOAD.csv
sgguy21@yopmail.com,123,Absolute Weight Template_LOAD.csv
ganeshan.lingam87@yopmail.com,123,Absolute Weight Template_LOAD.csv
davidlok@yopmail.com,123,Absolute Weight Template_LOAD.csv
kavita@yopmail.com,123,Absolute Weight Template_LOAD.csv
peiling@yopmail.com,123,Absolute Weight Template_LOAD.csv
tsiokyee@yopmail.com,123,Absolute Weight Template_LOAD.csv
willy@yopmail.com,123,Absolute Weight Template_LOAD.csv
rongxin@yopmail.com,123,Absolute Weight Template_LOAD.csv
me@yopmail.com,123,Absolute Weight Template_LOAD.csv
von@yopmail.com,123,Absolute Weight Template_LOAD.csv
roychan@yopmail.com,123,Absolute Weight Template_LOAD.csv
ellyloves@yopmail.com,123,Absolute Weight Template_LOAD.csv
ashley.pang@yopmail.com,123,Absolute Weight Template_LOAD.csv
dawn@yopmail.com,123,Absolute Weight Template_LOAD.csv
yiherng.ng@yopmail.com,123,Absolute Weight Template_LOAD.csv
rflee@yopmail.com,123,Absolute Weight Template_LOAD.csv
happiediapers@yopmail.com,123,Absolute Weight Template_LOAD.csv
mail@yopmail.com,123,Absolute Weight Template_LOAD.csv
shop@yopmail.com,123,Absolute Weight Template_LOAD.csv
admin2@yopmail.com,123,Absolute Weight Template_LOAD.csv
ding@yopmail.com,123,Absolute Weight Template_LOAD.csv
amreen@yopmail.com,123,Absolute Weight Template_LOAD.csv
thilini@yopmail.com,123,Absolute Weight Template_LOAD.csv
myprintedtee@yopmail.com,123,Absolute Weight Template_LOAD.csv
vincent@yopmail.com,123,Absolute Weight Template_LOAD.csv
u@yopmail.com,123,Absolute Weight Template_LOAD.csv
junwei@yopmail.com,123,Absolute Weight Template_LOAD.csv
buro.ins@yopmail.com,123,Absolute Weight Template_LOAD.csv
richietanwk@yopmail.com,123,Absolute Weight Template_LOAD.csv
merrybubs@yopmail.com,123,Absolute Weight Template_LOAD.csv
julia.tan@yopmail.com,123,Absolute Weight Template_LOAD.csv
s.versari@yopmail.com,123,Absolute Weight Template_LOAD.csv
ivanho@yopmail.com,123,Absolute Weight Template_LOAD.csv
elysia@yopmail.com,123,Absolute Weight Template_LOAD.csv
bytan@yopmail.com,123,Absolute Weight Template_LOAD.csv
michelle.gracilla@yopmail.com,123,Absolute Weight Template_LOAD.csv
anju83@yopmail.com,123,Absolute Weight Template_LOAD.csv
sitfun.yap@yopmail.com,123,Absolute Weight Template_LOAD.csv
ernest@yopmail.com,123,Absolute Weight Template_LOAD.csv
merdrey@yopmail.com,123,Absolute Weight Template_LOAD.csv
nicole@yopmail.com,123,Absolute Weight Template_LOAD.csv
noor@yopmail.com,123,Absolute Weight Template_LOAD.csv
eldrid@yopmail.com,123,Absolute Weight Template_LOAD.csv
bessieye@yopmail.com,123,Absolute Weight Template_LOAD.csv
runazia@yopmail.com,123,Absolute Weight Template_LOAD.csv
florence.mak@yopmail.com,123,Absolute Weight Template_LOAD.csv
johnlisg@yopmail.com,123,Absolute Weight Template_LOAD.csv
asmita@yopmail.com,123,Absolute Weight Template_LOAD.csv
jhthng@yopmail.com,123,Absolute Weight Template_LOAD.csv
amandajoy@yopmail.com,123,Absolute Weight Template_LOAD.csv
sophia.ng@yopmail.com,123,Absolute Weight Template_LOAD.csv
susan.sim@yopmail.com,123,Absolute Weight Template_LOAD.csv
jenny@yopmail.com,123,Absolute Weight Template_LOAD.csv
ashley@yopmail.com,123,Absolute Weight Template_LOAD.csv
theminlist@yopmail.com,123,Absolute Weight Template_LOAD.csv
roanna_indulges@yopmail.com,123,Absolute Weight Template_LOAD.csv
adam.tie@yopmail.com,123,Absolute Weight Template_LOAD.csv
teokimyenvanessa@yopmail.com,123,Absolute Weight Template_LOAD.csv
benjamin.chia@yopmail.com,123,Absolute Weight Template_LOAD.csv
waikeong.woo@yopmail.com,123,Absolute Weight Template_LOAD.csv
jonathan@yopmail.com,123,Absolute Weight Template_LOAD.csv
vexicot@yopmail.com,123,Absolute Weight Template_LOAD.csv
reshmi@yopmail.com,123,Absolute Weight Template_LOAD.csv
natalia@yopmail.com,123,Absolute Weight Template_LOAD.csv
adam@yopmail.com,123,Absolute Weight Template_LOAD.csv
selinachua@yopmail.com,123,Absolute Weight Template_LOAD.csv
zionentreprise@yopmail.com,123,Absolute Weight Template_LOAD.csv
test.merchant@yopmail.com,123,Absolute Weight Template_LOAD.csv
nthwin@yopmail.com,123,Absolute Weight Template_LOAD.csv
vann1989@yopmail.com,123,Absolute Weight Template_LOAD.csv
nam@yopmail.com,123,Absolute Weight Template_LOAD.csv
contact@yopmail.com,123,Absolute Weight Template_LOAD.csv
chris.heflin@yopmail.com,123,Absolute Weight Template_LOAD.csv
celine@yopmail.com,123,Absolute Weight Template_LOAD.csv
operations@yopmail.com,123,Absolute Weight Template_LOAD.csv
bebesup.sg@yopmail.com,123,Absolute Weight Template_LOAD.csv
jingying@yopmail.com,123,Absolute Weight Template_LOAD.csv
marinasq@yopmail.com,123,Absolute Weight Template_LOAD.csv
forum@yopmail.com,123,Absolute Weight Template_LOAD.csv
paragon@yopmail.com,123,Absolute Weight Template_LOAD.csv
parkway@yopmail.com,123,Absolute Weight Template_LOAD.csv
compass@yopmail.com,123,Absolute Weight Template_LOAD.csv
tampines@yopmail.com,123,Absolute Weight Template_LOAD.csv
novenasq@yopmail.com,123,Absolute Weight Template_LOAD.csv
westgate@yopmail.com,123,Absolute Weight Template_LOAD.csv
cl@yopmail.com,123,Absolute Weight Template_LOAD.csv
edmund.zhang@yopmail.com,123,Absolute Weight Template_LOAD.csv
customerservice@yopmail.com,123,Absolute Weight Template_LOAD.csv
hueyli@yopmail.com,123,Absolute Weight Template_LOAD.csv
serene_tan@yopmail.com,123,Absolute Weight Template_LOAD.csv
darren.heng@yopmail.com,123,Absolute Weight Template_LOAD.csv
melissasoo@yopmail.com,123,Absolute Weight Template_LOAD.csv
joekhoo@yopmail.com,123,Absolute Weight Template_LOAD.csv
sheryl@yopmail.com,123,Absolute Weight Template_LOAD.csv
lilin@yopmail.com,123,Absolute Weight Template_LOAD.csv
gavin.tan@yopmail.com,123,Absolute Weight Template_LOAD.csv
jacqueline@yopmail.com,123,Absolute Weight Template_LOAD.csv
diana.sengseng@yopmail.com,123,Absolute Weight Template_LOAD.csv
shipping@yopmail.com,123,Absolute Weight Template_LOAD.csv
badt@yopmail.com,123,Absolute Weight Template_LOAD.csv
yin@yopmail.com,123,Absolute Weight Template_LOAD.csv
cli@yopmail.com,123,Absolute Weight Template_LOAD.csv
quanda@yopmail.com,123,Absolute Weight Template_LOAD.csv
roslyn@yopmail.com,123,Absolute Weight Template_LOAD.csv
goh.benny@yopmail.com,123,Absolute Weight Template_LOAD.csv
patrick@yopmail.com,123,Absolute Weight Template_LOAD.csv
jane.lie@yopmail.com,123,Absolute Weight Template_LOAD.csv
chloe@yopmail.com,123,Absolute Weight Template_LOAD.csv
sales06@yopmail.com,123,Absolute Weight Template_LOAD.csv
doriswong@yopmail.com,123,Absolute Weight Template_LOAD.csv
sharlicious@yopmail.com,123,Absolute Weight Template_LOAD.csv
melvin.ho@yopmail.com,123,Absolute Weight Template_LOAD.csv
jayden.zhang@yopmail.com,123,Absolute Weight Template_LOAD.csv
weiyuen.wong@yopmail.com,123,Absolute Weight Template_LOAD.csv
billy@yopmail.com,123,Absolute Weight Template_LOAD.csv
charmaine@yopmail.com,123,Absolute Weight Template_LOAD.csv
melissa.fann@yopmail.com,123,Absolute Weight Template_LOAD.csv
huiling.teh@yopmail.com,123,Absolute Weight Template_LOAD.csv
rebecca.gopurpose@yopmail.com,123,Absolute Weight Template_LOAD.csv
49yihui49@yopmail.com,123,Absolute Weight Template_LOAD.csv
m.giesswein@yopmail.com,123,Absolute Weight Template_LOAD.csv
orders@yopmail.com,123,Absolute Weight Template_LOAD.csv
nigel.lim@yopmail.com,123,Absolute Weight Template_LOAD.csv
hi@yopmail.com,123,Absolute Weight Template_LOAD.csv
junwen@yopmail.com,123,Absolute Weight Template_LOAD.csv
charlene@yopmail.com,123,Absolute Weight Template_LOAD.csv
michelle@yopmail.com,123,Absolute Weight Template_LOAD.csv
bsmsvspl@yopmail.com,123,Absolute Weight Template_LOAD.csv
judy@yopmail.com,123,Absolute Weight Template_LOAD.csv
thiban@yopmail.com,123,Absolute Weight Template_LOAD.csv
pawanriver1976@yopmail.com,123,Absolute Weight Template_LOAD.csv
splendideals@yopmail.com,123,Absolute Weight Template_LOAD.csv
sneakywhiskerssg@yopmail.com,123,Absolute Weight Template_LOAD.csv
eilng@yopmail.com,123,Absolute Weight Template_LOAD.csv
salesadmin.osp@yopmail.com,123,Absolute Weight Template_LOAD.csv
antoine@yopmail.com,123,Absolute Weight Template_LOAD.csv
jesling@yopmail.com,123,Absolute Weight Template_LOAD.csv